<!-- Copyright 2025 DeepMind Technologies Limited

     Licensed under the Apache License, Version 2.0 (the "License");
     you may not use this file except in compliance with the License.
     You may obtain a copy of the License at

         http://www.apache.org/licenses/LICENSE-2.0

     Unless required by applicable law or agreed to in writing, software
     distributed under the License is distributed on an "AS IS" BASIS,
     WITHOUT WARRANTIES OR CONDITIONS OF ANY KIND, either express or implied.
     See the License for the specific language governing permissions and
     limitations under the License.
-->

<mujoco model="Basket">
  <include file="scene.xml"/>

  <compiler autolimits="true"/>

  <option solver="CG" tolerance="1e-6" timestep="0.001"/>

  <size memory="10M"/>

  <visual>
    <map stiffness="100"/>
  </visual>

  <worldbody>
    <flexcomp type="box" count="8 8 8" spacing=".1 .1 .1" pos="0 0 1"
              radius=".01" rgba=".68 .53 .38 1" name="box" dim="2" mass="0.25">
      <contact condim="3" solref="0.01 1" solimp=".95 .99 .0001" selfcollide="none"/>
      <edge equality="true" damping="1"/>
      <elasticity young="6e6" poisson="0.2" thickness="8e-3" elastic2d="bend" damping="1e-5"/>
    </flexcomp>

    <replicate count="3" offset=".2 0 0">
      <replicate count="3" offset="0 .2 0">
        <replicate count="5" offset="0 0 .2">
          <body name="ball" pos="-.2 -.2 1.8">
            <freejoint/>
            <geom type="sphere" size="0.1" rgba="1 0 .2 1" mass=".03"/>
          </body>
        </replicate>
      </replicate>
    </replicate>
  </worldbody>
</mujoco>
